checkpoint,temperature,top_p,seed,chrf,seconds
5-0.003-sonnet.pt,0.9,0.9,0,41.0825,20.3
5-0.003-sonnet.pt,1,0.9,0,40.8345,17.6
5-0.003-sonnet.pt,1.1,0.9,0,41.6623,18.2
5-0.003-sonnet.pt,1.2,0.9,0,41.0687,18.5
5-0.003-sonnet.pt,1.4,0.9,0,41.1972,19.7
5-0.003-sonnet.pt,1.1,0.85,0,40.9858,16.8
5-0.003-sonnet.pt,1.1,0.95,0,40.8584,17.6
5-0.003-sonnet.pt,1.1,1,0,41.4803,18.4
5-0.003-sonnet.pt,0.9,0.95,0,40.3855,16.5
5-0.003-sonnet.pt,1.2,0.85,0,40.8948,18.7
5-0.003-sonnet.pt,0.6,0.9,0,39.5899,18.6
5-0.003-sonnet.pt,2,0.9,0,39.5462,18.9
5-0.003-sonnet.pt,1,0.5,0,40.5977,17.9
5-0.001-sonnet.pt,0.9,0.9,0,41.1331,24.7
5-0.001-sonnet.pt,1,0.9,0,41.0962,18.9
5-0.001-sonnet.pt,1.1,0.9,0,41.3336,20.1
5-0.001-sonnet.pt,1.2,0.9,0,40.6017,19.4
5-0.001-sonnet.pt,1.4,0.9,0,40.3913,17.7
5-0.001-sonnet.pt,1.1,0.85,0,41.6743,19.4
5-0.001-sonnet.pt,1.1,0.95,0,41.1304,20.0
5-0.001-sonnet.pt,1.1,1,0,40.7718,19.9
5-0.001-sonnet.pt,0.9,0.95,0,40.8191,18.7
5-0.001-sonnet.pt,1.2,0.85,0,41.1398,19.1
5-0.001-sonnet.pt,0.6,0.9,0,39.8638,18.8
5-0.001-sonnet.pt,2,0.9,0,41.1109,19.6
5-0.001-sonnet.pt,1,0.5,0,39.7859,20.8
5-0.0003-sonnet.pt,0.9,0.9,0,41.4531,25.7
5-0.0003-sonnet.pt,1,0.9,0,41.3879,20.3
5-0.0003-sonnet.pt,1.1,0.9,0,41.9414,19.7
5-0.0003-sonnet.pt,1.2,0.9,0,41.5559,20.5
5-0.0003-sonnet.pt,1.4,0.9,0,41.6447,20.6
5-0.0003-sonnet.pt,1.1,0.85,0,41.6541,21.8
5-0.0003-sonnet.pt,1.1,0.95,0,41.3544,21.5
5-0.0003-sonnet.pt,1.1,1,0,41.9478,21.5
5-0.0003-sonnet.pt,0.9,0.95,0,41.3085,21.5
5-0.0003-sonnet.pt,1.2,0.85,0,41.5029,21.7
5-0.0003-sonnet.pt,0.6,0.9,0,39.1604,20.6
5-0.0003-sonnet.pt,2,0.9,0,39.5605,18.4
5-0.0003-sonnet.pt,1,0.5,0,39.5141,21.1
5-0.0001-sonnet.pt,0.9,0.9,0,41.2691,25.1
5-0.0001-sonnet.pt,1,0.9,0,42.0803,20.5
5-0.0001-sonnet.pt,1.1,0.9,0,41.8194,20.6
5-0.0001-sonnet.pt,1.2,0.9,0,41.8122,21.2
5-0.0001-sonnet.pt,1.4,0.9,0,41.4834,21.0
5-0.0001-sonnet.pt,1.1,0.85,0,41.6959,19.8
5-0.0001-sonnet.pt,1.1,0.95,0,42.1745,21.5
5-0.0001-sonnet.pt,1.1,1,0,41.8258,20.7
5-0.0001-sonnet.pt,0.9,0.95,0,40.9401,20.5
5-0.0001-sonnet.pt,1.2,0.85,0,41.6952,20.7
5-0.0001-sonnet.pt,0.6,0.9,0,38.2596,20.8
5-0.0001-sonnet.pt,2,0.9,0,40.5459,22.3
5-0.0001-sonnet.pt,1,0.5,0,40.2163,19.9
5-3e-05-sonnet.pt,0.9,0.9,0,41.1619,24.7
5-3e-05-sonnet.pt,1,0.9,0,42.4503,20.6
5-3e-05-sonnet.pt,1.1,0.9,0,42.1861,21.4
5-3e-05-sonnet.pt,1.2,0.9,0,42.5615,21.0
5-3e-05-sonnet.pt,1.4,0.9,0,40.7953,20.0
5-3e-05-sonnet.pt,1.1,0.85,0,42.2688,20.9
5-3e-05-sonnet.pt,1.1,0.95,0,41.5885,20.6
5-3e-05-sonnet.pt,1.1,1,0,41.8001,19.7
5-3e-05-sonnet.pt,0.9,0.95,0,41.3163,20.2
5-3e-05-sonnet.pt,1.2,0.85,0,41.9642,21.1
5-3e-05-sonnet.pt,0.6,0.9,0,37.3555,19.0
5-3e-05-sonnet.pt,2,0.9,0,39.0762,21.6
5-3e-05-sonnet.pt,1,0.5,0,39.3031,18.5
5-1e-05-sonnet.pt,0.9,0.9,0,41.2021,25.5
5-1e-05-sonnet.pt,1,0.9,0,41.7806,20.4
5-1e-05-sonnet.pt,1.1,0.9,0,41.5366,20.3
5-1e-05-sonnet.pt,1.2,0.9,0,41.1336,18.9
5-1e-05-sonnet.pt,1.4,0.9,0,40.5581,19.8
5-1e-05-sonnet.pt,1.1,0.85,0,41.1968,19.2
5-1e-05-sonnet.pt,1.1,0.95,0,41.3160,21.4
5-1e-05-sonnet.pt,1.1,1,0,40.9923,19.7
5-1e-05-sonnet.pt,0.9,0.95,0,41.1433,19.9
5-1e-05-sonnet.pt,1.2,0.85,0,41.6389,19.7
5-1e-05-sonnet.pt,0.6,0.9,0,36.9729,17.8
5-1e-05-sonnet.pt,2,0.9,0,38.3260,21.6
5-1e-05-sonnet.pt,1,0.5,0,37.8412,17.7
5-3e-06-sonnet.pt,0.9,0.9,0,39.4035,21.4
5-3e-06-sonnet.pt,1,0.9,0,35.1935,10.4
5-3e-06-sonnet.pt,1.1,0.9,0,36.7726,10.9
5-3e-06-sonnet.pt,1.2,0.9,0,36.9541,12.5
5-3e-06-sonnet.pt,1.4,0.9,0,39.1622,18.6
5-3e-06-sonnet.pt,1.1,0.85,0,37.8943,14.2
5-3e-06-sonnet.pt,1.1,0.95,0,38.5309,14.8
5-3e-06-sonnet.pt,1.1,1,0,38.7728,16.3
5-3e-06-sonnet.pt,0.9,0.95,0,41.1455,18.8
5-3e-06-sonnet.pt,1.2,0.85,0,36.2662,11.1
5-3e-06-sonnet.pt,0.6,0.9,0,33.8398,11.7
5-3e-06-sonnet.pt,2,0.9,0,38.3540,21.4
5-3e-06-sonnet.pt,1,0.5,0,38.1562,17.5
10-0.001-sonnet.pt,0.9,0.9,0,40.9058,24.3
10-0.001-sonnet.pt,1,0.9,0,40.8916,21.0
10-0.001-sonnet.pt,1.1,0.9,0,40.7763,20.2
10-0.001-sonnet.pt,1.2,0.9,0,40.7413,21.3
10-0.001-sonnet.pt,1.4,0.9,0,41.8524,20.5
10-0.001-sonnet.pt,1.1,0.85,0,41.3030,20.4
10-0.001-sonnet.pt,1.1,0.95,0,41.7444,21.3
10-0.001-sonnet.pt,1.1,1,0,41.0970,20.2
10-0.001-sonnet.pt,0.9,0.95,0,41.3196,21.6
10-0.001-sonnet.pt,1.2,0.85,0,41.2406,21.3
10-0.001-sonnet.pt,0.6,0.9,0,40.6508,20.9
10-0.001-sonnet.pt,2,0.9,0,41.1765,21.0
10-0.001-sonnet.pt,1,0.5,0,40.2868,20.6
10-0.0003-sonnet.pt,0.9,0.9,0,40.8340,25.6
10-0.0003-sonnet.pt,1,0.9,0,41.4335,20.1
10-0.0003-sonnet.pt,1.1,0.9,0,41.2874,20.0
10-0.0003-sonnet.pt,1.2,0.9,0,41.1917,19.8
10-0.0003-sonnet.pt,1.4,0.9,0,41.0583,20.7
10-0.0003-sonnet.pt,1.1,0.85,0,41.1879,19.7
10-0.0003-sonnet.pt,1.1,0.95,0,41.2252,20.9
10-0.0003-sonnet.pt,1.1,1,0,41.3209,20.2
10-0.0003-sonnet.pt,0.9,0.95,0,41.3918,20.2
10-0.0003-sonnet.pt,1.2,0.85,0,40.6028,19.9
10-0.0003-sonnet.pt,0.6,0.9,0,41.7554,19.8
10-0.0003-sonnet.pt,2,0.9,0,41.7456,21.0
10-0.0003-sonnet.pt,1,0.5,0,40.8901,20.5
10-0.0001-sonnet.pt,0.9,0.9,0,41.7854,25.3
10-0.0001-sonnet.pt,1,0.9,0,41.6710,20.1
10-0.0001-sonnet.pt,1.1,0.9,0,41.4582,20.1
10-0.0001-sonnet.pt,1.2,0.9,0,41.5381,21.1
10-0.0001-sonnet.pt,1.4,0.9,0,41.7581,20.6
10-0.0001-sonnet.pt,1.1,0.85,0,41.2410,19.6
10-0.0001-sonnet.pt,1.1,0.95,0,42.2975,20.6
10-0.0001-sonnet.pt,1.1,1,0,41.8504,20.2
10-0.0001-sonnet.pt,0.9,0.95,0,41.9468,20.8
10-0.0001-sonnet.pt,1.2,0.85,0,41.4183,20.2
10-0.0001-sonnet.pt,0.6,0.9,0,39.6647,19.6
10-0.0001-sonnet.pt,2,0.9,0,41.0914,20.3
10-0.0001-sonnet.pt,1,0.5,0,41.1224,19.4
5-0.003-sonnet.pt,0.9,0.9,1,41.0627,24.6
5-0.003-sonnet.pt,1,0.9,1,41.0844,19.9
5-0.003-sonnet.pt,1.1,0.9,1,41.1803,20.5
5-0.003-sonnet.pt,1.2,0.9,1,41.5660,20.2
5-0.003-sonnet.pt,1.4,0.9,1,40.1802,18.4
5-0.003-sonnet.pt,1.1,0.85,1,41.7940,20.2
5-0.003-sonnet.pt,1.1,0.95,1,41.7763,20.4
5-0.003-sonnet.pt,1.1,1,1,41.1173,19.7
5-0.003-sonnet.pt,0.9,0.95,1,41.6670,20.5
5-0.003-sonnet.pt,1.2,0.85,1,40.2429,18.4
5-0.003-sonnet.pt,0.6,0.9,1,39.8667,19.9
5-0.003-sonnet.pt,2,0.9,1,38.0583,18.7
5-0.003-sonnet.pt,1,0.5,1,40.4834,20.8
5-0.001-sonnet.pt,0.9,0.9,1,40.7817,25.9
5-0.001-sonnet.pt,1,0.9,1,41.0307,21.0
5-0.001-sonnet.pt,1.1,0.9,1,41.1861,21.4
5-0.001-sonnet.pt,1.2,0.9,1,41.3650,21.5
5-0.001-sonnet.pt,1.4,0.9,1,41.4588,20.9
5-0.001-sonnet.pt,1.1,0.85,1,40.3592,20.7
5-0.001-sonnet.pt,1.1,0.95,1,41.3493,21.1
5-0.001-sonnet.pt,1.1,1,1,40.2934,19.9
5-0.001-sonnet.pt,0.9,0.95,1,40.3153,21.0
5-0.001-sonnet.pt,1.2,0.85,1,41.4054,21.5
5-0.001-sonnet.pt,0.6,0.9,1,39.4791,20.7
5-0.001-sonnet.pt,2,0.9,1,40.3905,20.3
5-0.001-sonnet.pt,1,0.5,1,40.6017,21.2
5-0.0003-sonnet.pt,0.9,0.9,1,40.2432,25.7
5-0.0003-sonnet.pt,1,0.9,1,41.0917,21.2
5-0.0003-sonnet.pt,1.1,0.9,1,41.7929,21.1
5-0.0003-sonnet.pt,1.2,0.9,1,41.4849,21.0
5-0.0003-sonnet.pt,1.4,0.9,1,41.3815,20.9
5-0.0003-sonnet.pt,1.1,0.85,1,41.8282,21.2
5-0.0003-sonnet.pt,1.1,0.95,1,41.5522,21.4
5-0.0003-sonnet.pt,1.1,1,1,41.3747,21.6
5-0.0003-sonnet.pt,0.9,0.95,1,41.0964,20.1
5-0.0003-sonnet.pt,1.2,0.85,1,41.4676,20.3
5-0.0003-sonnet.pt,0.6,0.9,1,39.8422,21.1
5-0.0003-sonnet.pt,2,0.9,1,40.7129,20.0
5-0.0003-sonnet.pt,1,0.5,1,39.4074,21.0
5-0.0001-sonnet.pt,0.9,0.9,1,41.7420,25.3
5-0.0001-sonnet.pt,1,0.9,1,41.7157,19.3
5-0.0001-sonnet.pt,1.1,0.9,1,41.5436,21.0
5-0.0001-sonnet.pt,1.2,0.9,1,41.6538,20.7
5-0.0001-sonnet.pt,1.4,0.9,1,42.1904,21.1
5-0.0001-sonnet.pt,1.1,0.85,1,41.5588,21.0
5-0.0001-sonnet.pt,1.1,0.95,1,42.2839,20.8
5-0.0001-sonnet.pt,1.1,1,1,41.6739,20.7
5-0.0001-sonnet.pt,0.9,0.95,1,41.1914,19.9
5-0.0001-sonnet.pt,1.2,0.85,1,42.2103,19.2
5-0.0001-sonnet.pt,0.6,0.9,1,39.0028,18.8
5-0.0001-sonnet.pt,2,0.9,1,40.0277,21.2
5-0.0001-sonnet.pt,1,0.5,1,39.0789,20.5
5-3e-05-sonnet.pt,0.9,0.9,1,40.9249,24.5
5-3e-05-sonnet.pt,1,0.9,1,41.9140,20.8
5-3e-05-sonnet.pt,1.1,0.9,1,41.9564,21.1
5-3e-05-sonnet.pt,1.2,0.9,1,42.3349,20.9
5-3e-05-sonnet.pt,1.4,0.9,1,41.3993,20.4
5-3e-05-sonnet.pt,1.1,0.85,1,42.2276,21.2
5-3e-05-sonnet.pt,1.1,0.95,1,42.2103,20.3
5-3e-05-sonnet.pt,1.1,1,1,41.6757,21.5
5-3e-05-sonnet.pt,0.9,0.95,1,41.3933,21.0
5-3e-05-sonnet.pt,1.2,0.85,1,41.7469,20.7
5-3e-05-sonnet.pt,0.6,0.9,1,37.6287,17.6
5-3e-05-sonnet.pt,2,0.9,1,39.1022,20.8
5-3e-05-sonnet.pt,1,0.5,1,38.2820,17.4
5-1e-05-sonnet.pt,0.9,0.9,1,40.4768,24.2
5-1e-05-sonnet.pt,1,0.9,1,41.5739,19.8
5-1e-05-sonnet.pt,1.1,0.9,1,41.5617,19.8
5-1e-05-sonnet.pt,1.2,0.9,1,41.9200,20.4
5-1e-05-sonnet.pt,1.4,0.9,1,38.7368,17.3
5-1e-05-sonnet.pt,1.1,0.85,1,40.6301,18.3
5-1e-05-sonnet.pt,1.1,0.95,1,41.7006,19.9
5-1e-05-sonnet.pt,1.1,1,1,41.9196,21.6
5-1e-05-sonnet.pt,0.9,0.95,1,41.0607,20.6
5-1e-05-sonnet.pt,1.2,0.85,1,40.8226,19.8
5-1e-05-sonnet.pt,0.6,0.9,1,36.8941,18.9
5-1e-05-sonnet.pt,2,0.9,1,36.8918,18.2
5-1e-05-sonnet.pt,1,0.5,1,37.6074,17.4
5-3e-06-sonnet.pt,0.9,0.9,1,37.4963,19.8
5-3e-06-sonnet.pt,1,0.9,1,40.7058,17.7
5-3e-06-sonnet.pt,1.1,0.9,1,40.1813,17.6
5-3e-06-sonnet.pt,1.2,0.9,1,40.7041,18.4
5-3e-06-sonnet.pt,1.4,0.9,1,38.1722,17.2
5-3e-06-sonnet.pt,1.1,0.85,1,36.4359,13.1
5-3e-06-sonnet.pt,1.1,0.95,1,39.8949,17.9
5-3e-06-sonnet.pt,1.1,1,1,36.8062,13.9
5-3e-06-sonnet.pt,0.9,0.95,1,37.8569,13.2
5-3e-06-sonnet.pt,1.2,0.85,1,40.2948,17.2
5-3e-06-sonnet.pt,0.6,0.9,1,34.4897,17.1
5-3e-06-sonnet.pt,2,0.9,1,37.5610,19.9
5-3e-06-sonnet.pt,1,0.5,1,37.0159,14.8
10-0.001-sonnet.pt,0.9,0.9,1,40.6078,25.9
10-0.001-sonnet.pt,1,0.9,1,40.0772,20.0
10-0.001-sonnet.pt,1.1,0.9,1,41.2100,20.6
10-0.001-sonnet.pt,1.2,0.9,1,41.3566,21.0
10-0.001-sonnet.pt,1.4,0.9,1,41.0927,19.6
10-0.001-sonnet.pt,1.1,0.85,1,40.6806,19.0
10-0.001-sonnet.pt,1.1,0.95,1,41.4441,19.9
10-0.001-sonnet.pt,1.1,1,1,41.0564,18.7
10-0.001-sonnet.pt,0.9,0.95,1,41.1166,20.1
10-0.001-sonnet.pt,1.2,0.85,1,40.6008,18.5
10-0.001-sonnet.pt,0.6,0.9,1,41.5315,19.4
10-0.001-sonnet.pt,2,0.9,1,41.6282,19.3
10-0.001-sonnet.pt,1,0.5,1,40.9110,19.0
10-0.0003-sonnet.pt,0.9,0.9,1,40.1188,23.1
10-0.0003-sonnet.pt,1,0.9,1,40.4827,18.1
10-0.0003-sonnet.pt,1.1,0.9,1,41.6105,18.8
10-0.0003-sonnet.pt,1.2,0.9,1,41.3434,17.8
10-0.0003-sonnet.pt,1.4,0.9,1,40.9039,18.5
10-0.0003-sonnet.pt,1.1,0.85,1,41.2272,18.8
10-0.0003-sonnet.pt,1.1,0.95,1,40.9514,17.7
10-0.0003-sonnet.pt,1.1,1,1,41.3562,18.3
10-0.0003-sonnet.pt,0.9,0.95,1,40.3477,18.6
10-0.0003-sonnet.pt,1.2,0.85,1,41.4885,19.3
10-0.0003-sonnet.pt,0.6,0.9,1,40.2078,18.2
10-0.0003-sonnet.pt,2,0.9,1,41.2127,19.8
10-0.0003-sonnet.pt,1,0.5,1,40.7190,18.9
10-0.0001-sonnet.pt,0.9,0.9,1,41.0788,23.4
10-0.0001-sonnet.pt,1,0.9,1,40.7895,18.5
10-0.0001-sonnet.pt,1.1,0.9,1,41.2901,18.3
10-0.0001-sonnet.pt,1.2,0.9,1,42.0218,19.3
10-0.0001-sonnet.pt,1.4,0.9,1,41.9135,19.2
10-0.0001-sonnet.pt,1.1,0.85,1,41.6933,19.7
10-0.0001-sonnet.pt,1.1,0.95,1,42.3614,18.4
10-0.0001-sonnet.pt,1.1,1,1,41.0307,18.4
10-0.0001-sonnet.pt,0.9,0.95,1,41.0509,18.4
10-0.0001-sonnet.pt,1.2,0.85,1,41.6153,18.1
10-0.0001-sonnet.pt,0.6,0.9,1,41.3695,17.9
10-0.0001-sonnet.pt,2,0.9,1,40.3059,18.8
10-0.0001-sonnet.pt,1,0.5,1,40.6724,17.8
5-0.003-sonnet.pt,0.9,0.9,2,41.2221,22.8
5-0.003-sonnet.pt,1,0.9,2,41.4301,17.4
5-0.003-sonnet.pt,1.1,0.9,2,40.2246,17.1
5-0.003-sonnet.pt,1.2,0.9,2,41.6072,18.2
5-0.003-sonnet.pt,1.4,0.9,2,41.3141,18.4
5-0.003-sonnet.pt,1.1,0.85,2,41.2261,18.7
5-0.003-sonnet.pt,1.1,0.95,2,41.4505,19.1
5-0.003-sonnet.pt,1.1,1,2,40.4004,17.7
5-0.003-sonnet.pt,0.9,0.95,2,40.6418,17.1
5-0.003-sonnet.pt,1.2,0.85,2,41.3772,18.0
5-0.003-sonnet.pt,0.6,0.9,2,39.8379,18.2
5-0.003-sonnet.pt,2,0.9,2,37.0725,14.5
5-0.003-sonnet.pt,1,0.5,2,41.4658,18.7
5-0.001-sonnet.pt,0.9,0.9,2,40.6190,23.9
5-0.001-sonnet.pt,1,0.9,2,41.0863,18.6
5-0.001-sonnet.pt,1.1,0.9,2,41.3005,19.4
5-0.001-sonnet.pt,1.2,0.9,2,41.3902,20.7
5-0.001-sonnet.pt,1.4,0.9,2,41.3370,19.0
5-0.001-sonnet.pt,1.1,0.85,2,41.6047,19.4
5-0.001-sonnet.pt,1.1,0.95,2,41.5949,19.4
5-0.001-sonnet.pt,1.1,1,2,41.2854,19.0
5-0.001-sonnet.pt,0.9,0.95,2,41.1943,19.0
5-0.001-sonnet.pt,1.2,0.85,2,41.0565,19.1
5-0.001-sonnet.pt,0.6,0.9,2,39.6204,19.0
5-0.001-sonnet.pt,2,0.9,2,38.3153,16.4
5-0.001-sonnet.pt,1,0.5,2,39.8078,19.0
5-0.0003-sonnet.pt,0.9,0.9,2,40.7351,24.4
5-0.0003-sonnet.pt,1,0.9,2,41.2632,19.3
5-0.0003-sonnet.pt,1.1,0.9,2,42.5147,19.7
5-0.0003-sonnet.pt,1.2,0.9,2,41.8237,19.1
5-0.0003-sonnet.pt,1.4,0.9,2,41.6360,24.0
5-0.0003-sonnet.pt,1.1,0.85,2,42.2359,19.1
5-0.0003-sonnet.pt,1.1,0.95,2,41.3854,18.4
5-0.0003-sonnet.pt,1.1,1,2,41.8261,19.6
5-0.0003-sonnet.pt,0.9,0.95,2,40.6784,19.2
5-0.0003-sonnet.pt,1.2,0.85,2,41.5617,19.4
5-0.0003-sonnet.pt,0.6,0.9,2,40.5046,18.6
5-0.0003-sonnet.pt,2,0.9,2,39.7751,18.6
5-0.0003-sonnet.pt,1,0.5,2,38.5624,18.7
5-0.0001-sonnet.pt,0.9,0.9,2,41.3883,23.2
5-0.0001-sonnet.pt,1,0.9,2,42.0755,18.5
5-0.0001-sonnet.pt,1.1,0.9,2,42.0084,18.6
5-0.0001-sonnet.pt,1.2,0.9,2,42.4488,17.9
5-0.0001-sonnet.pt,1.4,0.9,2,41.2581,18.8
5-0.0001-sonnet.pt,1.1,0.85,2,42.0487,18.9
5-0.0001-sonnet.pt,1.1,0.95,2,41.4215,17.8
5-0.0001-sonnet.pt,1.1,1,2,42.4816,18.7
5-0.0001-sonnet.pt,0.9,0.95,2,42.0908,19.1
5-0.0001-sonnet.pt,1.2,0.85,2,41.9894,18.6
5-0.0001-sonnet.pt,0.6,0.9,2,38.9581,17.5
5-0.0001-sonnet.pt,2,0.9,2,40.0025,18.6
5-0.0001-sonnet.pt,1,0.5,2,39.9774,17.2
5-3e-05-sonnet.pt,0.9,0.9,2,41.6716,23.4
5-3e-05-sonnet.pt,1,0.9,2,42.0529,18.1
5-3e-05-sonnet.pt,1.1,0.9,2,42.3224,18.3
5-3e-05-sonnet.pt,1.2,0.9,2,41.5954,18.0
5-3e-05-sonnet.pt,1.4,0.9,2,41.2848,19.2
5-3e-05-sonnet.pt,1.1,0.85,2,41.5353,18.8
5-3e-05-sonnet.pt,1.1,0.95,2,42.2546,19.1
5-3e-05-sonnet.pt,1.1,1,2,41.8125,19.3
5-3e-05-sonnet.pt,0.9,0.95,2,40.7073,17.6
5-3e-05-sonnet.pt,1.2,0.85,2,41.8363,18.4
5-3e-05-sonnet.pt,0.6,0.9,2,37.5772,16.7
5-3e-05-sonnet.pt,2,0.9,2,37.8275,17.3
5-3e-05-sonnet.pt,1,0.5,2,38.7403,17.1
5-1e-05-sonnet.pt,0.9,0.9,2,40.1379,21.9
5-1e-05-sonnet.pt,1,0.9,2,42.0995,19.5
5-1e-05-sonnet.pt,1.1,0.9,2,40.8997,17.4
5-1e-05-sonnet.pt,1.2,0.9,2,41.4239,17.8
5-1e-05-sonnet.pt,1.4,0.9,2,40.7275,17.8
5-1e-05-sonnet.pt,1.1,0.85,2,41.8991,18.4
5-1e-05-sonnet.pt,1.1,0.95,2,40.6653,16.6
5-1e-05-sonnet.pt,1.1,1,2,40.7396,18.0
5-1e-05-sonnet.pt,0.9,0.95,2,41.1628,17.1
5-1e-05-sonnet.pt,1.2,0.85,2,41.5576,18.1
5-1e-05-sonnet.pt,0.6,0.9,2,37.0601,16.6
5-1e-05-sonnet.pt,2,0.9,2,38.6576,19.6
5-1e-05-sonnet.pt,1,0.5,2,38.4316,16.0
5-3e-06-sonnet.pt,0.9,0.9,2,39.5115,17.4
5-3e-06-sonnet.pt,1,0.9,2,37.5393,12.2
5-3e-06-sonnet.pt,1.1,0.9,2,38.7435,14.4
5-3e-06-sonnet.pt,1.2,0.9,2,37.3790,13.0
5-3e-06-sonnet.pt,1.4,0.9,2,38.0062,14.5
5-3e-06-sonnet.pt,1.1,0.85,2,39.7474,15.2
5-3e-06-sonnet.pt,1.1,0.95,2,38.8022,13.8
5-3e-06-sonnet.pt,1.1,1,2,38.6101,15.0
5-3e-06-sonnet.pt,0.9,0.95,2,37.3700,12.2
5-3e-06-sonnet.pt,1.2,0.85,2,38.8198,14.3
5-3e-06-sonnet.pt,0.6,0.9,2,36.3136,17.0
5-3e-06-sonnet.pt,2,0.9,2,37.8239,19.6
5-3e-06-sonnet.pt,1,0.5,2,36.9321,13.5
10-0.001-sonnet.pt,0.9,0.9,2,40.3460,21.1
10-0.001-sonnet.pt,1,0.9,2,40.2373,18.6
10-0.001-sonnet.pt,1.1,0.9,2,41.0815,18.9
10-0.001-sonnet.pt,1.2,0.9,2,41.5833,18.1
10-0.001-sonnet.pt,1.4,0.9,2,41.5321,20.2
10-0.001-sonnet.pt,1.1,0.85,2,41.8330,18.6
10-0.001-sonnet.pt,1.1,0.95,2,40.9314,19.2
10-0.001-sonnet.pt,1.1,1,2,40.5665,19.2
10-0.001-sonnet.pt,0.9,0.95,2,41.0149,19.1
10-0.001-sonnet.pt,1.2,0.85,2,40.9234,18.8
10-0.001-sonnet.pt,0.6,0.9,2,41.2406,19.3
10-0.001-sonnet.pt,2,0.9,2,41.6763,19.2
10-0.001-sonnet.pt,1,0.5,2,40.2595,18.6
10-0.0003-sonnet.pt,0.9,0.9,2,40.8953,20.4
10-0.0003-sonnet.pt,1,0.9,2,40.6091,18.7
10-0.0003-sonnet.pt,1.1,0.9,2,41.1851,18.0
10-0.0003-sonnet.pt,1.2,0.9,2,41.3163,17.6
10-0.0003-sonnet.pt,1.4,0.9,2,41.8758,18.6
10-0.0003-sonnet.pt,1.1,0.85,2,40.7978,17.9
10-0.0003-sonnet.pt,1.1,0.95,2,41.1389,18.0
10-0.0003-sonnet.pt,1.1,1,2,41.8737,17.7
10-0.0003-sonnet.pt,0.9,0.95,2,41.4467,18.3
10-0.0003-sonnet.pt,1.2,0.85,2,41.6296,18.3
10-0.0003-sonnet.pt,0.6,0.9,2,41.4607,18.9
10-0.0003-sonnet.pt,2,0.9,2,40.4644,16.4
10-0.0003-sonnet.pt,1,0.5,2,39.2278,17.9
10-0.0001-sonnet.pt,0.9,0.9,2,40.2352,20.6
10-0.0001-sonnet.pt,1,0.9,2,40.8691,17.9
10-0.0001-sonnet.pt,1.1,0.9,2,41.4115,18.8
10-0.0001-sonnet.pt,1.2,0.9,2,41.5211,18.2
10-0.0001-sonnet.pt,1.4,0.9,2,41.9018,18.5
10-0.0001-sonnet.pt,1.1,0.85,2,41.6854,18.3
10-0.0001-sonnet.pt,1.1,0.95,2,41.5160,18.4
10-0.0001-sonnet.pt,1.1,1,2,41.9942,18.7
10-0.0001-sonnet.pt,0.9,0.95,2,40.7770,18.6
10-0.0001-sonnet.pt,1.2,0.85,2,41.4184,18.8
10-0.0001-sonnet.pt,0.6,0.9,2,39.3751,17.4
10-0.0001-sonnet.pt,2,0.9,2,41.4209,18.8
10-0.0001-sonnet.pt,1,0.5,2,39.9355,18.0
5-0.003-sonnet.pt,0.9,0.9,3,40.1583,19.2
5-0.003-sonnet.pt,1,0.9,3,41.2370,17.5
5-0.003-sonnet.pt,1.1,0.9,3,40.5646,16.8
5-0.003-sonnet.pt,1.2,0.9,3,40.9534,17.6
5-0.003-sonnet.pt,1.4,0.9,3,40.9812,18.1
5-0.003-sonnet.pt,1.1,0.85,3,41.4266,18.2
5-0.003-sonnet.pt,1.1,0.95,3,40.8558,17.3
5-0.003-sonnet.pt,1.1,1,3,41.0477,18.1
5-0.003-sonnet.pt,0.9,0.95,3,40.3845,17.1
5-0.003-sonnet.pt,1.2,0.85,3,41.4034,17.5
5-0.003-sonnet.pt,0.6,0.9,3,40.5955,18.7
5-0.003-sonnet.pt,2,0.9,3,39.0286,19.1
5-0.003-sonnet.pt,1,0.5,3,41.0904,17.8
5-0.001-sonnet.pt,0.9,0.9,3,40.3707,21.0
5-0.001-sonnet.pt,1,0.9,3,40.5010,19.2
5-0.001-sonnet.pt,1.1,0.9,3,40.6110,18.7
5-0.001-sonnet.pt,1.2,0.9,3,41.0397,19.1
5-0.001-sonnet.pt,1.4,0.9,3,40.6220,18.4
5-0.001-sonnet.pt,1.1,0.85,3,41.2123,19.2
5-0.001-sonnet.pt,1.1,0.95,3,41.0142,18.4
5-0.001-sonnet.pt,1.1,1,3,41.3526,19.2
5-0.001-sonnet.pt,0.9,0.95,3,41.0394,19.4
5-0.001-sonnet.pt,1.2,0.85,3,41.2390,19.4
5-0.001-sonnet.pt,0.6,0.9,3,40.0667,18.9
5-0.001-sonnet.pt,2,0.9,3,39.9280,19.7
5-0.001-sonnet.pt,1,0.5,3,39.7455,19.1
5-0.0003-sonnet.pt,0.9,0.9,3,40.9670,22.0
5-0.0003-sonnet.pt,1,0.9,3,40.5511,19.3
5-0.0003-sonnet.pt,1.1,0.9,3,41.2726,18.8
5-0.0003-sonnet.pt,1.2,0.9,3,41.3886,19.5
5-0.0003-sonnet.pt,1.4,0.9,3,41.6132,19.5
5-0.0003-sonnet.pt,1.1,0.85,3,40.5140,19.1
5-0.0003-sonnet.pt,1.1,0.95,3,41.5755,19.0
5-0.0003-sonnet.pt,1.1,1,3,41.7083,19.3
5-0.0003-sonnet.pt,0.9,0.95,3,41.3609,19.7
5-0.0003-sonnet.pt,1.2,0.85,3,41.7121,19.4
5-0.0003-sonnet.pt,0.6,0.9,3,40.3199,19.1
5-0.0003-sonnet.pt,2,0.9,3,40.3455,18.4
5-0.0003-sonnet.pt,1,0.5,3,38.0269,19.4
5-0.0001-sonnet.pt,0.9,0.9,3,41.5687,21.0
5-0.0001-sonnet.pt,1,0.9,3,41.6168,18.8
5-0.0001-sonnet.pt,1.1,0.9,3,41.7978,18.7
5-0.0001-sonnet.pt,1.2,0.9,3,42.8404,19.0
5-0.0001-sonnet.pt,1.4,0.9,3,41.6552,18.4
5-0.0001-sonnet.pt,1.1,0.85,3,41.8445,18.6
5-0.0001-sonnet.pt,1.1,0.95,3,42.2861,19.2
5-0.0001-sonnet.pt,1.1,1,3,42.1142,18.5
5-0.0001-sonnet.pt,0.9,0.95,3,41.9303,18.6
5-0.0001-sonnet.pt,1.2,0.85,3,41.8010,18.2
5-0.0001-sonnet.pt,0.6,0.9,3,39.2322,18.2
5-0.0001-sonnet.pt,2,0.9,3,39.1201,17.4
5-0.0001-sonnet.pt,1,0.5,3,39.5819,17.3
5-3e-05-sonnet.pt,0.9,0.9,3,41.1717,21.0
5-3e-05-sonnet.pt,1,0.9,3,41.6041,18.1
5-3e-05-sonnet.pt,1.1,0.9,3,41.6011,18.4
5-3e-05-sonnet.pt,1.2,0.9,3,41.7455,18.5
5-3e-05-sonnet.pt,1.4,0.9,3,41.1722,18.3
5-3e-05-sonnet.pt,1.1,0.85,3,41.4534,18.0
5-3e-05-sonnet.pt,1.1,0.95,3,41.7353,18.7
5-3e-05-sonnet.pt,1.1,1,3,41.8431,19.0
5-3e-05-sonnet.pt,0.9,0.95,3,40.8983,17.1
5-3e-05-sonnet.pt,1.2,0.85,3,42.1788,19.1
5-3e-05-sonnet.pt,0.6,0.9,3,39.1505,17.7
5-3e-05-sonnet.pt,2,0.9,3,38.9611,19.4
5-3e-05-sonnet.pt,1,0.5,3,38.9931,16.7
5-1e-05-sonnet.pt,0.9,0.9,3,39.6282,19.9
5-1e-05-sonnet.pt,1,0.9,3,41.3665,18.7
5-1e-05-sonnet.pt,1.1,0.9,3,41.1868,17.1
5-1e-05-sonnet.pt,1.2,0.9,3,40.4829,16.8
5-1e-05-sonnet.pt,1.4,0.9,3,39.1035,16.3
5-1e-05-sonnet.pt,1.1,0.85,3,40.9906,17.0
5-1e-05-sonnet.pt,1.1,0.95,3,40.0056,15.8
5-1e-05-sonnet.pt,1.1,1,3,40.4083,17.2
5-1e-05-sonnet.pt,0.9,0.95,3,41.5609,17.9
5-1e-05-sonnet.pt,1.2,0.85,3,40.7821,17.2
5-1e-05-sonnet.pt,0.6,0.9,3,36.6375,17.4
5-1e-05-sonnet.pt,2,0.9,3,38.3729,19.0
5-1e-05-sonnet.pt,1,0.5,3,37.8518,17.5
5-3e-06-sonnet.pt,0.9,0.9,3,39.2327,18.5
5-3e-06-sonnet.pt,1,0.9,3,39.6214,13.9
5-3e-06-sonnet.pt,1.1,0.9,3,39.1787,14.5
5-3e-06-sonnet.pt,1.2,0.9,3,39.6741,15.3
5-3e-06-sonnet.pt,1.4,0.9,3,39.6541,18.8
5-3e-06-sonnet.pt,1.1,0.85,3,39.0037,14.8
5-3e-06-sonnet.pt,1.1,0.95,3,37.1993,12.6
5-3e-06-sonnet.pt,1.1,1,3,37.4813,12.2
5-3e-06-sonnet.pt,0.9,0.95,3,36.9324,11.1
5-3e-06-sonnet.pt,1.2,0.85,3,39.8854,15.6
5-3e-06-sonnet.pt,0.6,0.9,3,33.4636,15.1
5-3e-06-sonnet.pt,2,0.9,3,38.3100,19.6
5-3e-06-sonnet.pt,1,0.5,3,37.0503,15.6
10-0.001-sonnet.pt,0.9,0.9,3,40.2031,21.5
10-0.001-sonnet.pt,1,0.9,3,41.3879,18.8
10-0.001-sonnet.pt,1.1,0.9,3,41.2791,18.6
10-0.001-sonnet.pt,1.2,0.9,3,41.1408,19.1
10-0.001-sonnet.pt,1.4,0.9,3,41.4225,19.0
10-0.001-sonnet.pt,1.1,0.85,3,41.5206,18.9
10-0.001-sonnet.pt,1.1,0.95,3,41.6382,18.8
10-0.001-sonnet.pt,1.1,1,3,41.2459,19.1
10-0.001-sonnet.pt,0.9,0.95,3,41.1623,18.8
10-0.001-sonnet.pt,1.2,0.85,3,41.1462,19.0
10-0.001-sonnet.pt,0.6,0.9,3,41.1681,19.1
10-0.001-sonnet.pt,2,0.9,3,41.6791,18.6
10-0.001-sonnet.pt,1,0.5,3,41.0981,18.7
10-0.0003-sonnet.pt,0.9,0.9,3,41.1292,20.5
10-0.0003-sonnet.pt,1,0.9,3,41.3004,18.2
10-0.0003-sonnet.pt,1.1,0.9,3,40.3474,17.5
10-0.0003-sonnet.pt,1.2,0.9,3,40.9690,17.6
10-0.0003-sonnet.pt,1.4,0.9,3,41.2828,18.1
10-0.0003-sonnet.pt,1.1,0.85,3,41.6630,18.0
10-0.0003-sonnet.pt,1.1,0.95,3,41.0088,17.7
10-0.0003-sonnet.pt,1.1,1,3,41.6000,18.4
10-0.0003-sonnet.pt,0.9,0.95,3,41.2265,18.6
10-0.0003-sonnet.pt,1.2,0.85,3,41.2578,18.4
10-0.0003-sonnet.pt,0.6,0.9,3,40.1820,17.6
10-0.0003-sonnet.pt,2,0.9,3,41.9133,19.4
10-0.0003-sonnet.pt,1,0.5,3,41.2474,18.1
10-0.0001-sonnet.pt,0.9,0.9,3,41.7103,20.5
10-0.0001-sonnet.pt,1,0.9,3,41.7968,18.8
10-0.0001-sonnet.pt,1.1,0.9,3,41.3178,18.1
10-0.0001-sonnet.pt,1.2,0.9,3,41.6418,17.9
10-0.0001-sonnet.pt,1.4,0.9,3,41.4574,18.9
10-0.0001-sonnet.pt,1.1,0.85,3,41.4580,18.6
10-0.0001-sonnet.pt,1.1,0.95,3,41.3637,18.1
10-0.0001-sonnet.pt,1.1,1,3,41.9385,18.6
10-0.0001-sonnet.pt,0.9,0.95,3,40.8702,17.2
10-0.0001-sonnet.pt,1.2,0.85,3,41.5699,18.9
10-0.0001-sonnet.pt,0.6,0.9,3,40.6475,18.4
10-0.0001-sonnet.pt,2,0.9,3,41.2716,19.2
10-0.0001-sonnet.pt,1,0.5,3,39.8605,17.6
5-0.003-sonnet.pt,0.9,0.9,4,41.3191,21.0
5-0.003-sonnet.pt,1,0.9,4,40.6075,16.5
5-0.003-sonnet.pt,1.1,0.9,4,41.1735,18.0
5-0.003-sonnet.pt,1.2,0.9,4,41.2822,18.3
5-0.003-sonnet.pt,1.4,0.9,4,41.9537,18.8
5-0.003-sonnet.pt,1.1,0.85,4,40.9438,16.6
5-0.003-sonnet.pt,1.1,0.95,4,40.1244,16.2
5-0.003-sonnet.pt,1.1,1,4,41.3998,18.6
5-0.003-sonnet.pt,0.9,0.95,4,41.7224,17.8
5-0.003-sonnet.pt,1.2,0.85,4,40.7641,17.4
5-0.003-sonnet.pt,0.6,0.9,4,39.9058,17.8
5-0.003-sonnet.pt,2,0.9,4,27.5968,17.8
5-0.003-sonnet.pt,1,0.5,4,40.2820,17.7
5-0.001-sonnet.pt,0.9,0.9,4,40.6599,21.7
5-0.001-sonnet.pt,1,0.9,4,40.6113,18.8
5-0.001-sonnet.pt,1.1,0.9,4,41.5320,19.2
5-0.001-sonnet.pt,1.2,0.9,4,41.3207,18.8
5-0.001-sonnet.pt,1.4,0.9,4,39.6119,16.9
5-0.001-sonnet.pt,1.1,0.85,4,41.1628,19.1
5-0.001-sonnet.pt,1.1,0.95,4,41.0777,19.1
5-0.001-sonnet.pt,1.1,1,4,40.9079,19.2
5-0.001-sonnet.pt,0.9,0.95,4,41.4735,19.5
5-0.001-sonnet.pt,1.2,0.85,4,41.0601,18.7
5-0.001-sonnet.pt,0.6,0.9,4,38.1539,19.0
5-0.001-sonnet.pt,2,0.9,4,39.5997,18.4
5-0.001-sonnet.pt,1,0.5,4,40.1262,19.1
5-0.0003-sonnet.pt,0.9,0.9,4,41.1060,21.3
5-0.0003-sonnet.pt,1,0.9,4,41.1074,19.3
5-0.0003-sonnet.pt,1.1,0.9,4,41.4307,19.4
5-0.0003-sonnet.pt,1.2,0.9,4,41.7100,19.2
5-0.0003-sonnet.pt,1.4,0.9,4,41.4031,18.6
5-0.0003-sonnet.pt,1.1,0.85,4,41.6904,18.8
5-0.0003-sonnet.pt,1.1,0.95,4,41.1037,19.3
5-0.0003-sonnet.pt,1.1,1,4,41.1667,19.4
5-0.0003-sonnet.pt,0.9,0.95,4,41.0306,18.7
5-0.0003-sonnet.pt,1.2,0.85,4,41.3331,19.1
5-0.0003-sonnet.pt,0.6,0.9,4,37.9358,19.4
5-0.0003-sonnet.pt,2,0.9,4,39.9228,18.0
5-0.0003-sonnet.pt,1,0.5,4,39.5101,18.9
5-0.0001-sonnet.pt,0.9,0.9,4,41.0631,19.9
5-0.0001-sonnet.pt,1,0.9,4,41.7579,18.6
5-0.0001-sonnet.pt,1.1,0.9,4,42.5134,19.2
5-0.0001-sonnet.pt,1.2,0.9,4,41.6955,18.8
5-0.0001-sonnet.pt,1.4,0.9,4,42.0085,20.3
5-0.0001-sonnet.pt,1.1,0.85,4,42.1019,19.2
5-0.0001-sonnet.pt,1.1,0.95,4,41.5915,19.5
5-0.0001-sonnet.pt,1.1,1,4,42.0903,19.1
5-0.0001-sonnet.pt,0.9,0.95,4,41.6666,18.9
5-0.0001-sonnet.pt,1.2,0.85,4,42.1756,19.0
5-0.0001-sonnet.pt,0.6,0.9,4,38.4400,17.8
5-0.0001-sonnet.pt,2,0.9,4,38.9395,18.0
5-0.0001-sonnet.pt,1,0.5,4,40.1817,17.6
5-3e-05-sonnet.pt,0.9,0.9,4,40.6526,20.1
5-3e-05-sonnet.pt,1,0.9,4,41.3692,18.2
5-3e-05-sonnet.pt,1.1,0.9,4,41.9930,19.0
5-3e-05-sonnet.pt,1.2,0.9,4,41.8742,18.0
5-3e-05-sonnet.pt,1.4,0.9,4,41.6977,18.5
5-3e-05-sonnet.pt,1.1,0.85,4,41.9132,19.1
5-3e-05-sonnet.pt,1.1,0.95,4,42.1936,19.3
5-3e-05-sonnet.pt,1.1,1,4,41.3019,18.6
5-3e-05-sonnet.pt,0.9,0.95,4,41.5570,17.7
5-3e-05-sonnet.pt,1.2,0.85,4,41.6050,18.9
5-3e-05-sonnet.pt,0.6,0.9,4,37.6323,15.7
5-3e-05-sonnet.pt,2,0.9,4,39.3668,19.5
5-3e-05-sonnet.pt,1,0.5,4,39.1879,16.6
5-1e-05-sonnet.pt,0.9,0.9,4,39.9950,18.7
5-1e-05-sonnet.pt,1,0.9,4,40.5066,16.8
5-1e-05-sonnet.pt,1.1,0.9,4,39.4039,15.9
5-1e-05-sonnet.pt,1.2,0.9,4,40.2146,16.2
5-1e-05-sonnet.pt,1.4,0.9,4,39.3680,17.6
5-1e-05-sonnet.pt,1.1,0.85,4,41.2386,18.1
5-1e-05-sonnet.pt,1.1,0.95,4,41.4258,17.5
5-1e-05-sonnet.pt,1.1,1,4,40.9558,17.8
5-1e-05-sonnet.pt,0.9,0.95,4,40.2690,16.9
5-1e-05-sonnet.pt,1.2,0.85,4,41.8164,18.9
5-1e-05-sonnet.pt,0.6,0.9,4,36.9533,17.1
5-1e-05-sonnet.pt,2,0.9,4,37.6038,17.7
5-1e-05-sonnet.pt,1,0.5,4,39.1412,16.5
5-3e-06-sonnet.pt,0.9,0.9,4,36.1873,12.7
5-3e-06-sonnet.pt,1,0.9,4,38.8315,13.7
5-3e-06-sonnet.pt,1.1,0.9,4,36.2490,12.0
5-3e-06-sonnet.pt,1.2,0.9,4,39.1446,15.0
5-3e-06-sonnet.pt,1.4,0.9,4,38.4541,16.6
5-3e-06-sonnet.pt,1.1,0.85,4,36.6225,11.6
5-3e-06-sonnet.pt,1.1,0.95,4,38.9039,15.4
5-3e-06-sonnet.pt,1.1,1,4,37.5888,13.1
5-3e-06-sonnet.pt,0.9,0.95,4,39.0574,15.2
5-3e-06-sonnet.pt,1.2,0.85,4,38.5151,14.7
5-3e-06-sonnet.pt,0.6,0.9,4,34.1862,15.4
5-3e-06-sonnet.pt,2,0.9,4,36.8485,16.7
5-3e-06-sonnet.pt,1,0.5,4,38.0457,14.5
10-0.001-sonnet.pt,0.9,0.9,4,40.2510,21.6
10-0.001-sonnet.pt,1,0.9,4,40.6555,18.2
10-0.001-sonnet.pt,1.1,0.9,4,40.9637,18.8
10-0.001-sonnet.pt,1.2,0.9,4,41.2267,18.7
10-0.001-sonnet.pt,1.4,0.9,4,41.5158,18.5
10-0.001-sonnet.pt,1.1,0.85,4,41.0634,18.9
10-0.001-sonnet.pt,1.1,0.95,4,41.6430,18.5
10-0.001-sonnet.pt,1.1,1,4,41.2827,18.7
10-0.001-sonnet.pt,0.9,0.95,4,41.4166,18.6
10-0.001-sonnet.pt,1.2,0.85,4,41.5557,19.1
10-0.001-sonnet.pt,0.6,0.9,4,40.4376,19.2
10-0.001-sonnet.pt,2,0.9,4,41.7528,19.2
10-0.001-sonnet.pt,1,0.5,4,41.1796,19.0
10-0.0003-sonnet.pt,0.9,0.9,4,41.1740,21.4
10-0.0003-sonnet.pt,1,0.9,4,40.6288,17.0
10-0.0003-sonnet.pt,1.1,0.9,4,41.4488,18.1
10-0.0003-sonnet.pt,1.2,0.9,4,41.1884,18.2
10-0.0003-sonnet.pt,1.4,0.9,4,40.7733,18.0
10-0.0003-sonnet.pt,1.1,0.85,4,41.6673,18.7
10-0.0003-sonnet.pt,1.1,0.95,4,41.2135,18.4
10-0.0003-sonnet.pt,1.1,1,4,41.2557,18.7
10-0.0003-sonnet.pt,0.9,0.95,4,41.4009,18.2
10-0.0003-sonnet.pt,1.2,0.85,4,41.4443,18.5
10-0.0003-sonnet.pt,0.6,0.9,4,39.8714,18.3
10-0.0003-sonnet.pt,2,0.9,4,41.3293,18.5
10-0.0003-sonnet.pt,1,0.5,4,39.6881,18.3
10-0.0001-sonnet.pt,0.9,0.9,4,40.3641,19.9
10-0.0001-sonnet.pt,1,0.9,4,41.5522,18.5
10-0.0001-sonnet.pt,1.1,0.9,4,40.8090,18.1
10-0.0001-sonnet.pt,1.2,0.9,4,42.3930,19.0
10-0.0001-sonnet.pt,1.4,0.9,4,41.3754,17.9
10-0.0001-sonnet.pt,1.1,0.85,4,41.1350,18.4
10-0.0001-sonnet.pt,1.1,0.95,4,41.6877,17.9
10-0.0001-sonnet.pt,1.1,1,4,41.9950,18.1
10-0.0001-sonnet.pt,0.9,0.95,4,40.7700,17.6
10-0.0001-sonnet.pt,1.2,0.85,4,41.4805,18.4
10-0.0001-sonnet.pt,0.6,0.9,4,40.8568,18.4
10-0.0001-sonnet.pt,2,0.9,4,41.2705,19.0
10-0.0001-sonnet.pt,1,0.5,4,39.5573,17.6
