dataset,arm,stage,run_name,fine_tune_mode,num_unfrozen_layers,lr,weight_decay,dropout,batch_size,epochs,seed,n_train,opt_steps,best_dev_acc,best_epoch,wall_seconds,peak_mem_bytes
sst,head,extract,extract-sst-train,,,,,,8,,,,,,,24.7,
sst,head,extract,extract-sst-dev,,,,,,8,,,,,,,4.6,
cfimdb,head,extract,extract-cfimdb-train,,,,,,2,,,,,,,31.7,
cfimdb,head,extract,extract-cfimdb-dev,,,,,,2,,,,,,,6.1,
sst,head,lr,sst-head-lr0.0001,last-linear-layer,0,0.0001,0.0,0.3,8,5,11711,8544,5340,0.4351,2,2.8,48491520
sst,head,lr,sst-head-lr0.0003,last-linear-layer,0,0.0003,0.0,0.3,8,5,11711,8544,5340,0.4441,1,3.1,48491520
sst,head,lr,sst-head-lr0.001,last-linear-layer,0,0.001,0.0,0.3,8,5,11711,8544,5340,0.4559,3,3.4,48491520
sst,head,lr,sst-head-lr0.003,last-linear-layer,0,0.003,0.0,0.3,8,5,11711,8544,5340,0.4323,3,2.8,48491520
sst,head,lr,sst-head-lr0.01,last-linear-layer,0,0.01,0.0,0.3,8,5,11711,8544,5340,0.4169,1,3.6,48491520
sst,head,lr,sst-head-lr0.03,last-linear-layer,0,0.03,0.0,0.3,8,5,11711,8544,5340,0.4205,1,2.8,48491520
sst,full,lr,sst-full-lr5e-06,full-model,12,5e-06,0.0,0.3,8,5,11711,8544,5340,0.4923,4,527.9,2185251840
sst,full,lr,sst-full-lr1e-05,full-model,12,1e-05,0.0,0.3,8,5,11711,8544,5340,0.5123,3,520.2,2186995200
sst,full,lr,sst-full-lr3e-05,full-model,12,3e-05,0.0,0.3,8,5,11711,8544,5340,0.4986,3,520.5,2186995200
sst,full,lr,sst-full-lr0.0001,full-model,12,0.0001,0.0,0.3,8,5,11711,8544,5340,0.4914,0,521.1,2186995200
sst,top2,ladder,sst-top2-lr1e-05,top-layers,2,1e-05,0.0,0.3,8,5,11711,8544,5340,0.4650,4,193.4,729676800
sst,top2,ladder,sst-top2-lr3e-05,top-layers,2,3e-05,0.0,0.3,8,5,11711,8544,5340,0.4941,4,193.1,729676800
sst,top2,ladder,sst-top2-lr0.0001,top-layers,2,0.0001,0.0,0.3,8,5,11711,8544,5340,0.4977,4,192.7,729676800
sst,top4,ladder,sst-top4-lr1e-05,top-layers,4,1e-05,0.0,0.3,8,5,11711,8544,5340,0.4886,4,246.1,917704704
sst,top4,ladder,sst-top4-lr3e-05,top-layers,4,3e-05,0.0,0.3,8,5,11711,8544,5340,0.4914,2,246.6,917704704
sst,top4,ladder,sst-top4-lr0.0001,top-layers,4,0.0001,0.0,0.3,8,5,11711,8544,5340,0.4977,1,246.9,917704704
sst,top8,ladder,sst-top8-lr1e-05,top-layers,8,1e-05,0.0,0.3,8,5,11711,8544,5340,0.5041,2,354.4,1292740608
sst,top8,ladder,sst-top8-lr3e-05,top-layers,8,3e-05,0.0,0.3,8,5,11711,8544,5340,0.5104,3,358.2,1292740608
sst,top8,ladder,sst-top8-lr0.0001,top-layers,8,0.0001,0.0,0.3,8,5,11711,8544,5340,0.4968,0,357.2,1292740608
sst,head,reg,sst-head-do0.0-wd0,last-linear-layer,0,0.001,0.0,0.0,8,5,11711,8544,5340,0.4441,2,2.6,48491520
sst,head,reg,sst-head-do0.0-wd0.01,last-linear-layer,0,0.001,0.01,0.0,8,5,11711,8544,5340,0.4450,2,4.1,48491520
sst,head,reg,sst-head-do0.0-wd0.1,last-linear-layer,0,0.001,0.1,0.0,8,5,11711,8544,5340,0.4450,2,3.8,48491520
sst,head,reg,sst-head-do0.1-wd0,last-linear-layer,0,0.001,0.0,0.1,8,5,11711,8544,5340,0.4605,3,3.7,48491520
sst,head,reg,sst-head-do0.1-wd0.01,last-linear-layer,0,0.001,0.01,0.1,8,5,11711,8544,5340,0.4605,3,3.7,48491520
sst,head,reg,sst-head-do0.1-wd0.1,last-linear-layer,0,0.001,0.1,0.1,8,5,11711,8544,5340,0.4596,3,4.6,48491520
sst,head,reg,sst-head-do0.3-wd0,last-linear-layer,0,0.001,0.0,0.3,8,5,11711,8544,5340,0.4559,3,3.3,48491520
sst,head,reg,sst-head-do0.3-wd0.01,last-linear-layer,0,0.001,0.01,0.3,8,5,11711,8544,5340,0.4569,3,2.8,48491520
sst,head,reg,sst-head-do0.3-wd0.1,last-linear-layer,0,0.001,0.1,0.3,8,5,11711,8544,5340,0.4541,3,2.8,48491520
sst,full,reg,sst-full-do0.0,full-model,12,1e-05,0.0,0.0,8,5,11711,8544,5340,0.5123,3,525.9,2184642048
sst,full,reg,sst-full-do0.1,full-model,12,1e-05,0.0,0.1,8,5,11711,8544,5340,0.5195,3,530.6,2184636928
sst,full,reg,sst-full-wd0.01,full-model,12,1e-05,0.01,0.1,8,5,11711,8544,5340,0.5186,3,546.7,2184636928
sst,full,reg,sst-full-wd0.1,full-model,12,1e-05,0.1,0.1,8,5,11711,8544,5340,0.5168,3,545.1,2184636928
sst,head,seed,sst-head-seed1,last-linear-layer,0,0.001,0.0,0.1,8,5,1,8544,5340,0.4569,1,2.8,48491520
sst,head,seed,sst-head-seed2,last-linear-layer,0,0.001,0.0,0.1,8,5,2,8544,5340,0.4687,4,3.4,48491520
sst,head,seed,sst-head-seed3,last-linear-layer,0,0.001,0.0,0.1,8,5,3,8544,5340,0.4605,4,4.4,48491520
sst,head,seed,sst-head-seed4,last-linear-layer,0,0.001,0.0,0.1,8,5,4,8544,5340,0.4559,2,3.5,48491520
sst,head,seed,sst-head-seed5,last-linear-layer,0,0.001,0.0,0.1,8,5,5,8544,5340,0.4496,3,3.7,48491520
sst,full,seed,sst-full-seed1,full-model,12,1e-05,0.0,0.1,8,5,1,8544,5340,0.4886,3,530.0,2185826816
sst,full,seed,sst-full-seed2,full-model,12,1e-05,0.0,0.1,8,5,2,8544,5340,0.5095,1,531.9,2183659008
sst,full,seed,sst-full-seed3,full-model,12,1e-05,0.0,0.1,8,5,3,8544,5340,0.5186,3,525.9,2186480128
cfimdb,head,lr,cfimdb-head-lr0.0001,last-linear-layer,0,0.0001,0.0,0.3,2,5,11711,1707,4270,0.7837,1,2.2,24177664
cfimdb,head,lr,cfimdb-head-lr0.0003,last-linear-layer,0,0.0003,0.0,0.3,2,5,11711,1707,4270,0.8204,3,2.6,24177664
cfimdb,head,lr,cfimdb-head-lr0.001,last-linear-layer,0,0.001,0.0,0.3,2,5,11711,1707,4270,0.8367,4,2.8,24177664
cfimdb,head,lr,cfimdb-head-lr0.003,last-linear-layer,0,0.003,0.0,0.3,2,5,11711,1707,4270,0.8449,1,3.0,24177664
cfimdb,head,lr,cfimdb-head-lr0.01,last-linear-layer,0,0.01,0.0,0.3,2,5,11711,1707,4270,0.8204,3,3.7,24177664
cfimdb,head,lr,cfimdb-head-lr0.03,last-linear-layer,0,0.03,0.0,0.3,2,5,11711,1707,4270,0.8082,1,3.0,24177664
cfimdb,full,transfer,cfimdb-full-best,full-model,12,1e-05,0.0,0.1,2,5,11711,1707,4270,0.9837,4,608.6,2832027136
sst,head_ext,budget,sst-headx-000--seed0,last-linear-layer,0,0.010796066588996203,0.0,0.3,8,20,11711,8544,21360,0.4405,12,11.5,50057216
sst,head_ext,budget,sst-headx-000--seed1,last-linear-layer,0,0.010796066588996203,0.0,0.3,8,20,11712,8544,21360,0.4460,19,11.6,50057216
sst,head_ext,budget,sst-headx-000--seed2,last-linear-layer,0,0.010796066588996203,0.0,0.3,8,20,11713,8544,21360,0.4396,17,11.4,50057216
sst,head_ext,budget,sst-headx-001--seed0,last-linear-layer,0,0.02491120060806346,0.1,0.3,8,20,11711,8544,21360,0.4069,6,11.8,50057216
sst,head_ext,budget,sst-headx-001--seed1,last-linear-layer,0,0.02491120060806346,0.1,0.3,8,20,11712,8544,21360,0.4024,17,12.0,50057216
sst,head_ext,budget,sst-headx-001--seed2,last-linear-layer,0,0.02491120060806346,0.1,0.3,8,20,11713,8544,21360,0.4133,9,12.1,50057216
sst,head_ext,budget,sst-headx-002--seed0,last-linear-layer,0,0.025316285502915627,0.001,0.2,8,10,11711,8544,10680,0.4214,9,5.9,50057216
sst,head_ext,budget,sst-headx-002--seed1,last-linear-layer,0,0.025316285502915627,0.001,0.2,8,10,11712,8544,10680,0.4314,8,5.7,50057216
sst,head_ext,budget,sst-headx-002--seed2,last-linear-layer,0,0.025316285502915627,0.001,0.2,8,10,11713,8544,10680,0.4469,4,5.7,50057216
sst,head_ext,budget,sst-headx-003--seed0,last-linear-layer,0,0.0002215713139833219,0.01,0.0,8,10,11711,8544,10680,0.4678,8,5.5,50057216
sst,head_ext,budget,sst-headx-003--seed1,last-linear-layer,0,0.0002215713139833219,0.01,0.0,8,10,11712,8544,10680,0.4705,9,5.4,50057216
sst,head_ext,budget,sst-headx-003--seed2,last-linear-layer,0,0.0002215713139833219,0.01,0.0,8,10,11713,8544,10680,0.4596,8,5.8,50057216
sst,head_ext,budget,sst-headx-004--seed0,last-linear-layer,0,0.0002694279880037456,0.01,0.0,8,40,11711,8544,42720,0.4859,34,22.8,50057216
sst,head_ext,budget,sst-headx-004--seed1,last-linear-layer,0,0.0002694279880037456,0.01,0.0,8,40,11712,8544,42720,0.4814,22,24.8,50057216
sst,head_ext,budget,sst-headx-004--seed2,last-linear-layer,0,0.0002694279880037456,0.01,0.0,8,40,11713,8544,42720,0.4859,34,24.8,50057216
sst,head_ext,budget,sst-headx-005--seed0,last-linear-layer,0,0.0015116144577330625,0.1,0.2,8,20,11711,8544,21360,0.4559,12,14.1,50057216
sst,head_ext,budget,sst-headx-005--seed1,last-linear-layer,0,0.0015116144577330625,0.1,0.2,8,20,11712,8544,21360,0.4532,19,12.2,50057216
sst,head_ext,budget,sst-headx-005--seed2,last-linear-layer,0,0.0015116144577330625,0.1,0.2,8,20,11713,8544,21360,0.4596,7,14.0,50057216
sst,head_ext,budget,sst-headx-006--seed0,last-linear-layer,0,0.0021511015852906353,0.1,0.1,8,40,11711,8544,42720,0.4641,34,23.7,50057216
sst,head_ext,budget,sst-headx-006--seed1,last-linear-layer,0,0.0021511015852906353,0.1,0.1,8,40,11712,8544,42720,0.4687,39,24.4,50057216
sst,head_ext,budget,sst-headx-006--seed2,last-linear-layer,0,0.0021511015852906353,0.1,0.1,8,40,11713,8544,42720,0.4650,28,23.5,50057216
sst,head_ext,budget,sst-headx-007--seed0,last-linear-layer,0,0.012471818537133146,0.0,0.2,8,5,11711,8544,5340,0.4314,3,2.7,50057216
sst,head_ext,budget,sst-headx-007--seed1,last-linear-layer,0,0.012471818537133146,0.0,0.2,8,5,11712,8544,5340,0.4187,3,2.7,50057216
sst,head_ext,budget,sst-headx-007--seed2,last-linear-layer,0,0.012471818537133146,0.0,0.2,8,5,11713,8544,5340,0.4296,0,3.1,50057216
sst,head_ext,budget,sst-headx-008--seed0,last-linear-layer,0,6.023037859470134e-05,0.0,0.3,8,40,11711,8544,42720,0.4877,39,27.4,50057216
sst,head_ext,budget,sst-headx-008--seed1,last-linear-layer,0,6.023037859470134e-05,0.0,0.3,8,40,11712,8544,42720,0.4841,30,25.0,50057216
sst,head_ext,budget,sst-headx-008--seed2,last-linear-layer,0,6.023037859470134e-05,0.0,0.3,8,40,11713,8544,42720,0.4768,35,26.6,50057216
sst,head_ext,budget,sst-headx-009--seed0,last-linear-layer,0,0.009642504166857553,0.001,0.2,8,20,11711,8544,21360,0.4378,9,14.8,50057216
sst,head_ext,budget,sst-headx-009--seed1,last-linear-layer,0,0.009642504166857553,0.001,0.2,8,20,11712,8544,21360,0.4550,6,14.4,50057216
sst,head_ext,budget,sst-headx-009--seed2,last-linear-layer,0,0.009642504166857553,0.001,0.2,8,20,11713,8544,21360,0.4441,10,11.6,50057216
sst,head_ext,budget,sst-headx-010--seed0,last-linear-layer,0,0.004082513584287222,0.001,0.0,8,10,11711,8544,10680,0.4578,3,7.6,50057216
sst,head_ext,budget,sst-headx-010--seed1,last-linear-layer,0,0.004082513584287222,0.001,0.0,8,10,11712,8544,10680,0.4587,6,5.4,50057216
sst,head_ext,budget,sst-headx-010--seed2,last-linear-layer,0,0.004082513584287222,0.001,0.0,8,10,11713,8544,10680,0.4714,1,7.1,50057216
sst,head_ext,budget,sst-headx-011--seed0,last-linear-layer,0,0.00016437954948627902,0.1,0.1,8,5,11711,8544,5340,0.4532,3,3.8,50057216
sst,head_ext,budget,sst-headx-011--seed1,last-linear-layer,0,0.00016437954948627902,0.1,0.1,8,5,11712,8544,5340,0.4378,3,2.8,50057216
sst,head_ext,budget,sst-headx-011--seed2,last-linear-layer,0,0.00016437954948627902,0.1,0.1,8,5,11713,8544,5340,0.4387,4,2.9,50057216
sst,head_ext,budget,sst-headx-012--seed0,last-linear-layer,0,5.512358515247557e-05,0.1,0.2,8,5,11711,8544,5340,0.4351,4,2.8,50057216
sst,head_ext,budget,sst-headx-012--seed1,last-linear-layer,0,5.512358515247557e-05,0.1,0.2,8,5,11712,8544,5340,0.4151,3,2.8,50057216
sst,head_ext,budget,sst-headx-012--seed2,last-linear-layer,0,5.512358515247557e-05,0.1,0.2,8,5,11713,8544,5340,0.4205,4,3.0,50057216
sst,head_ext,budget,sst-headx-013--seed0,last-linear-layer,0,0.00025371163050545107,0.0,0.2,8,20,11711,8544,21360,0.4841,11,13.6,50057216
sst,head_ext,budget,sst-headx-013--seed1,last-linear-layer,0,0.00025371163050545107,0.0,0.2,8,20,11712,8544,21360,0.4805,17,11.8,50057216
sst,head_ext,budget,sst-headx-013--seed2,last-linear-layer,0,0.00025371163050545107,0.0,0.2,8,20,11713,8544,21360,0.4777,12,10.9,50057216
sst,head_ext,budget,sst-headx-014--seed0,last-linear-layer,0,0.008778101331180288,0.001,0.5,8,20,11711,8544,21360,0.4414,6,12.4,50057216
sst,head_ext,budget,sst-headx-014--seed1,last-linear-layer,0,0.09106035129057162,0.1,0.5,8,5,11712,8544,5340,0.3224,2,3.0,50057216
sst,head_ext,budget,sst-headx-014--seed2,last-linear-layer,0,0.09106035129057162,0.1,0.5,8,5,11713,8544,5340,0.3787,1,2.8,50057216
sst,head_ext,budget,sst-headx-015--seed0,last-linear-layer,0,6.436959145373452e-06,0.0,0.2,8,80,11711,8544,85440,0.4496,68,49.9,50057216
sst,head_ext,budget,sst-headx-015--seed1,last-linear-layer,0,6.436959145373452e-06,0.0,0.2,8,80,11712,8544,85440,0.4423,78,50.8,50057216
sst,head_ext,budget,sst-headx-015--seed2,last-linear-layer,0,6.436959145373452e-06,0.0,0.2,8,80,11713,8544,85440,0.4478,79,50.0,50057216
sst,head_ext,budget,sst-headx-016--seed0,last-linear-layer,0,9.919803665445103e-06,0.001,0.5,8,80,11711,8544,85440,0.4514,68,52.3,50057216
sst,head_ext,budget,sst-headx-016--seed1,last-linear-layer,0,9.919803665445103e-06,0.001,0.5,8,80,11712,8544,85440,0.4514,74,51.7,50057216
sst,head_ext,budget,sst-headx-016--seed2,last-linear-layer,0,9.919803665445103e-06,0.001,0.5,8,80,11713,8544,85440,0.4523,68,51.8,50057216
sst,head_ext,budget,sst-headx-017--seed0,last-linear-layer,0,0.00019203511021086684,0.1,0.2,8,5,11711,8544,5340,0.4559,3,3.9,50057216
sst,head_ext,budget,sst-headx-017--seed1,last-linear-layer,0,0.00019203511021086684,0.1,0.2,8,5,11712,8544,5340,0.4450,2,3.2,50057216
sst,head_ext,budget,sst-headx-017--seed2,last-linear-layer,0,0.00019203511021086684,0.1,0.2,8,5,11713,8544,5340,0.4414,3,3.6,50057216
sst,head_ext,budget,sst-headx-018--seed0,last-linear-layer,0,0.0003781996908437071,0.01,0.3,8,80,11711,8544,85440,0.4868,69,52.1,50057216
sst,head_ext,budget,sst-headx-018--seed1,last-linear-layer,0,0.0003781996908437071,0.01,0.3,8,80,11712,8544,85440,0.4850,12,49.5,50057216
sst,head_ext,budget,sst-headx-018--seed2,last-linear-layer,0,0.0003781996908437071,0.01,0.3,8,80,11713,8544,85440,0.4886,22,56.7,50057216
sst,head_ext,budget,sst-headx-019--seed0,last-linear-layer,0,2.8355866995845583e-06,0.001,0.1,8,10,11711,8544,10680,0.2779,8,6.1,50057216
sst,head_ext,budget,sst-headx-019--seed1,last-linear-layer,0,2.8355866995845583e-06,0.001,0.1,8,10,11712,8544,10680,0.3297,9,6.9,50057216
sst,head_ext,budget,sst-headx-019--seed2,last-linear-layer,0,2.8355866995845583e-06,0.001,0.1,8,10,11713,8544,10680,0.2743,9,5.8,50057216
sst,head_ext,budget,sst-headx-020--seed0,last-linear-layer,0,1.5770101527722316e-07,0.1,0.2,8,5,11711,8544,5340,0.2534,0,3.9,50057216
sst,head_ext,budget,sst-headx-020--seed1,last-linear-layer,0,1.5770101527722316e-07,0.1,0.2,8,5,11712,8544,5340,0.2080,0,3.1,50057216
sst,head_ext,budget,sst-headx-020--seed2,last-linear-layer,0,1.5770101527722316e-07,0.1,0.2,8,5,11713,8544,5340,0.1490,0,3.8,50057216
sst,head_ext,budget,sst-headx-021--seed0,last-linear-layer,0,3.4589649968442126e-07,0.001,0.1,8,5,11711,8544,5340,0.2534,0,2.9,50057216
sst,head_ext,budget,sst-headx-021--seed1,last-linear-layer,0,3.4589649968442126e-07,0.001,0.1,8,5,11712,8544,5340,0.2080,0,3.0,50057216
sst,head_ext,budget,sst-headx-021--seed2,last-linear-layer,0,3.4589649968442126e-07,0.001,0.1,8,5,11713,8544,5340,0.1508,3,3.0,50057216
sst,head_ext,budget,sst-headx-022--seed0,last-linear-layer,0,0.011343872558727888,0.1,0.5,8,160,11711,8544,170880,0.4351,4,99.2,50057216
sst,head_ext,budget,sst-headx-022--seed1,last-linear-layer,0,0.011343872558727888,0.1,0.5,8,160,11712,8544,170880,0.4414,14,98.5,50057216
sst,head_ext,budget,sst-headx-022--seed2,last-linear-layer,0,0.011343872558727888,0.1,0.5,8,160,11713,8544,170880,0.4441,126,100.0,50057216
sst,head_ext,budget,sst-headx-023--seed0,last-linear-layer,0,0.00014042474201470564,0.001,0.5,8,10,11711,8544,10680,0.4623,7,5.8,50057216
sst,head_ext,budget,sst-headx-023--seed1,last-linear-layer,0,0.00014042474201470564,0.001,0.5,8,10,11712,8544,10680,0.4450,5,6.0,50057216
sst,head_ext,budget,sst-headx-023--seed2,last-linear-layer,0,0.00014042474201470564,0.001,0.5,8,10,11713,8544,10680,0.4623,9,6.1,50057216
sst,head_ext,budget,sst-headx-024--seed0,last-linear-layer,0,1.1184770570426422e-07,0.0,0.2,8,80,11711,8544,85440,0.2543,54,47.6,50057216
sst,head_ext,budget,sst-headx-024--seed1,last-linear-layer,0,1.1184770570426422e-07,0.0,0.2,8,80,11712,8544,85440,0.2098,65,48.3,50057216
sst,head_ext,budget,sst-headx-024--seed2,last-linear-layer,0,1.1184770570426422e-07,0.0,0.2,8,80,11713,8544,85440,0.2316,79,46.8,50057216
sst,head_ext,budget,sst-headx-025--seed0,last-linear-layer,0,1.3067141057038689e-06,0.01,0.1,8,80,11711,8544,85440,0.3987,79,49.7,50057216
sst,head_ext,budget,sst-headx-025--seed1,last-linear-layer,0,1.3067141057038689e-06,0.01,0.1,8,80,11712,8544,85440,0.3960,76,54.0,50057216
sst,head_ext,budget,sst-headx-025--seed2,last-linear-layer,0,1.3067141057038689e-06,0.01,0.1,8,80,11713,8544,85440,0.3688,78,51.8,50057216
sst,head_ext,budget,sst-headx-026--seed0,last-linear-layer,0,2.8037500194318808e-05,0.001,0.0,8,80,11711,8544,85440,0.4814,74,50.6,50057216
sst,head_ext,budget,sst-headx-026--seed1,last-linear-layer,0,2.8037500194318808e-05,0.001,0.0,8,80,11712,8544,85440,0.4823,78,45.8,50057216
sst,head_ext,budget,sst-headx-026--seed2,last-linear-layer,0,2.8037500194318808e-05,0.001,0.0,8,80,11713,8544,85440,0.4850,67,47.6,50057216
sst,head_ext,budget,sst-headx-027--seed0,last-linear-layer,0,1.366791293278721e-07,0.0,0.5,8,80,11711,8544,85440,0.2543,55,48.6,50057216
sst,head_ext,budget,sst-headx-027--seed1,last-linear-layer,0,1.366791293278721e-07,0.0,0.5,8,80,11712,8544,85440,0.2107,79,48.5,50057216
sst,head_ext,budget,sst-headx-027--seed2,last-linear-layer,0,1.366791293278721e-07,0.0,0.5,8,80,11713,8544,85440,0.2607,76,49.8,50057216
sst,head_ext,budget,sst-headx-028--seed0,last-linear-layer,0,2.3622788742468922e-07,0.0,0.1,8,80,11711,8544,85440,0.2770,79,49.4,50057216
sst,head_ext,budget,sst-headx-028--seed1,last-linear-layer,0,2.3622788742468922e-07,0.0,0.1,8,80,11712,8544,85440,0.3034,78,49.7,50057216
sst,head_ext,budget,sst-headx-028--seed2,last-linear-layer,0,2.3622788742468922e-07,0.0,0.1,8,80,11713,8544,85440,0.2543,63,50.4,50057216
sst,head_ext,budget,sst-headx-029--seed0,last-linear-layer,0,1.8818957413407254e-07,0.0,0.0,8,80,11711,8544,85440,0.2616,78,46.6,50057216
sst,head_ext,budget,sst-headx-029--seed1,last-linear-layer,0,1.8818957413407254e-07,0.0,0.0,8,80,11712,8544,85440,0.3006,79,45.1,50057216
sst,head_ext,budget,sst-headx-029--seed2,last-linear-layer,0,1.8818957413407254e-07,0.0,0.0,8,80,11713,8544,85440,0.2407,71,46.5,50057216
sst,head_ext,budget,sst-headx-030--seed0,last-linear-layer,0,3.835066217743323e-07,0.0,0.1,8,80,11711,8544,85440,0.2797,79,50.8,50057216
sst,head_ext,budget,sst-headx-030--seed1,last-linear-layer,0,3.835066217743323e-07,0.0,0.1,8,80,11712,8544,85440,0.3415,79,46.4,50057216
sst,head_ext,budget,sst-headx-030--seed2,last-linear-layer,0,3.835066217743323e-07,0.0,0.1,8,80,11713,8544,85440,0.2816,76,47.3,50057216
sst,head_ext,budget,sst-headx-031--seed0,last-linear-layer,0,4.2828171162321427e-07,0.0,0.0,8,80,11711,8544,85440,0.3233,79,45.2,50057216
sst,head_ext,budget,sst-headx-031--seed1,last-linear-layer,0,4.2828171162321427e-07,0.0,0.0,8,80,11712,8544,85440,0.3415,70,47.5,50057216
sst,head_ext,budget,sst-headx-031--seed2,last-linear-layer,0,4.2828171162321427e-07,0.0,0.0,8,80,11713,8544,85440,0.2879,79,47.5,50057216
sst,head_ext,budget,sst-headx-032--seed0,last-linear-layer,0,7.274445808744228e-06,0.0,0.2,8,80,11711,8544,85440,0.4505,68,48.3,50057216
sst,head_ext,budget,sst-headx-032--seed1,last-linear-layer,0,7.274445808744228e-06,0.0,0.2,8,80,11712,8544,85440,0.4432,74,47.8,50057216
sst,head_ext,budget,sst-headx-032--seed2,last-linear-layer,0,7.274445808744228e-06,0.0,0.2,8,80,11713,8544,85440,0.4487,79,46.4,50057216
cfimdb,full,seed,cfimdb-full-seed1,full-model,12,1e-05,0.0,0.1,2,5,1,1707,4270,0.9796,2,600.8,2831334400
cfimdb,full,seed,cfimdb-full-seed2,full-model,12,1e-05,0.0,0.1,2,5,2,1707,4270,0.9755,3,601.8,2831764480
cfimdb,full,seed,cfimdb-full-seed3,full-model,12,1e-05,0.0,0.1,2,5,3,1707,4270,0.9714,2,603.1,2828684288
